对比,LR统计量,p值,自由度差,显著性
模型1 vs 模型2 (C1),17.0233686054724,3.692259159857935e-05,1,***
模型1 vs 模型3 (C2),11.846461358948773,0.0005777102111217924,1,***
模型1 vs 模型4 (C1+C2),28.14363202263786,7.739055406416247e-07,2,***
